x,y,z
3.5067744,-27.909811,4.1694336
8.84355,-24.787586,-0.86466616
-4.898208,-18.565699,6.30446
8.646134,-22.827927,-4.9268384
-4.0524564,-25.9015,4.360817
5.9610863,-32.30114,6.608008
-3.5167801,-21.23053,-0.5375923
5.450788,-25.911615,1.896179
4.1669936,-24.46958,2.5159914
6.022119,-21.390268,-1.6967777
-0.8535796,-21.895304,0.54965544
5.69832,-24.04312,-5.7686586
1.583644,-23.422934,5.160848
1.9503528,-26.599047,-2.1176043
6.924363,-31.775797,12.031353
3.3071647,-25.164967,-2.2197876
-2.4477384,-24.670172,10.462134
9.335468,-24.013035,-2.001721
-4.353329,-24.77616,9.68617
-1.2429909,-25.534153,6.5238
-6.8944764,-12.163321,0.8940913
5.456342,-29.40946,8.441267
8.718366,-29.567041,1.6366451
7.736689,-32.222115,6.5309453
-6.6465235,-8.356865,0.21744561
1.9781201,-27.572649,11.300794
8.150569,-26.083735,1.011023
-2.7207396,-28.114157,9.222233
4.4642434,-27.825579,10.019657
-3.3109887,-25.102045,8.50496
1.3828061,-29.36216,5.640382
-0.58116776,-28.066563,2.9562259
7.6439176,-26.327297,10.164008
7.597053,-28.993212,7.836428
8.612642,-29.844166,9.731489
-1.917174,-23.14218,5.785966
3.9153373,-29.147173,11.842581
5.0218763,-33.403362,8.415067
4.291765,-27.2984,-3.6647887
7.293717,-27.764679,9.005004
-1.2929139,-26.995901,11.506348
0.58672124,-22.567701,-1.6261605
5.0196905,-23.60908,-4.000918
9.472189,-24.50678,1.5933487
3.0258377,-26.340635,-0.8200727
1.8084335,-21.839672,-3.505448
-2.2170537,-23.936132,1.7394742
7.3632154,-25.88796,-2.7351124
0.47821635,-24.77234,7.0658865
5.367473,-26.682379,-2.347869
1.1436422,-29.240976,7.468508
-0.7755746,-22.544876,4.5712914
4.399743,-33.436188,5.909676
-0.4204469,-28.119322,7.0283136
8.132932,-21.274223,-3.6005416
-5.464971,-24.734367,4.930991
2.3913093,-20.133175,-2.7022886
12.054896,-29.463274,-0.07553602
5.187332,-27.683691,5.7349186
4.889481,-32.38586,9.876414
-2.6741502,-20.596642,0.8371458
3.7088976,-27.155725,5.924391
5.580714,-30.114712,4.894975
8.829071,-31.851034,5.206743
6.259991,-21.68292,-3.4959087
4.867886,-29.918304,2.8012314
-0.7298596,-24.747213,-2.8557703
-4.3773203,-19.367641,5.2100105
-6.790023,-24.231619,4.986091
4.4312887,-31.003016,11.944054
7.370351,-22.419617,-5.4822793
-3.241934,-24.122953,3.0441551
-4.455384,-20.43124,7.1770544
-1.4043872,-20.782036,7.6092005
11.325991,-28.684376,0.8977113
11.024757,-30.040007,2.0135994
0.030814638,-21.525211,4.2412143
-1.0093219,-24.002855,8.86369
4.024076,-28.202702,-1.7495679
-1.3234888,-27.078106,9.747941
4.269294,-27.20837,0.40974626
2.4823918,-22.375282,-1.8092119
7.3174686,-31.16304,9.129419
0.33843413,-30.158714,10.890015
1.3797388,-27.13567,4.203286
0.74305004,-27.498312,8.38676
6.9793906,-26.611961,3.241552
-3.6437416,-25.9166,2.470663
2.88461,-25.985037,9.544748
-0.87582386,-29.324614,9.993373
0.33473432,-24.97142,10.898066
7.4696712,-27.369717,-1.5194793
-3.9764612,-19.287298,0.27790475
6.6199484,-28.240217,0.45845667
5.836785,-28.588255,10.9452915
-3.5695739,6.750926,10.519152
0.5645498,11.775108,10.078091
-8.907246,5.2871995,7.8066134
-7.070924,6.532158,6.046913
-3.012555,6.226958,8.130212
-14.742997,-0.8004171,3.6335073
10.297521,19.576174,12.413668
1.071554,8.908949,11.0409155
-5.19856,2.8785264,5.816423
-0.27570462,10.261005,6.929778
-2.7235281,7.863911,6.293906
-10.841614,4.6799564,8.489803
8.385891,15.918108,10.907855
4.6502666,12.745069,12.881185
-8.850908,5.43572,9.955708
3.8145227,10.932078,11.736662
-0.25170133,13.395967,6.480714
6.07339,13.474889,9.277748
-16.42249,2.6621926,1.8754314
-11.852837,0.819898,5.332967
-2.2258818,10.7069645,7.1377473
3.1390378,9.966768,10.383801
5.214002,17.335073,12.548834
3.3724456,18.089884,8.683664
-9.709018,1.9050509,3.5165858
1.7448838,9.998175,7.5214276
0.29376543,11.92693,5.059654
-11.89357,1.313323,2.9931443
-12.079284,2.5908458,5.776386
4.479566,18.334742,6.9826493
-8.426406,0.6851936,2.1460135
4.830989,13.436107,7.5051193
-11.418796,5.415159,4.7019954
-9.921072,-0.62086266,6.1391563
-0.4532157,10.093376,11.6815195
-10.92174,6.800247,3.3788502
-4.0723324,9.662612,6.8102083
-5.222397,10.014937,8.983067
1.1616195,15.246954,5.7368875
-4.4011974,3.7509499,7.6327686
1.6037333,14.242864,11.113069
-0.25877753,12.022991,11.527605
2.3692758,14.418127,7.6140566
5.957158,10.864566,11.808666
-8.582118,6.4617963,4.6581798
1.4089038,12.117492,7.4466395
-7.206394,2.7880802,6.71024
-7.188507,1.8716097,3.6314104
1.8718514,16.296328,7.7027707
-1.6453297,7.5297213,10.674643
-15.213373,1.4229848,5.569058
-7.791121,7.7734036,9.290601
-1.6892719,8.168355,7.873853
1.6783448,7.956945,6.8125553
-6.0437646,7.1354394,11.100459
6.664428,17.41923,7.1771593
7.0235615,-1.0580695,10.500162
9.716607,18.09119,12.057629
3.471053,13.007699,10.10251
5.337353,16.681776,7.649307
6.675264,14.017074,12.40917
-10.428665,4.853075,2.8861623
-6.5801167,7.785533,4.682412
-1.7161621,10.187002,10.038793
3.9065745,17.828712,11.234825
-12.332137,3.8784926,3.7884588
9.284934,17.79681,10.208138
0.5581481,14.790313,8.148998
-10.710274,2.200119,7.7795362
2.2916353,13.120866,5.6718802
-9.981868,9.156019,9.593698
-1.811523,5.933347,10.367426
9.885731,18.7728,8.302477
5.0714517,16.581066,10.787792
-10.326001,0.2538446,2.0737443
3.691945,15.057374,12.576725
3.114098,7.480357,9.149754
-9.149555,2.6027546,8.710774
-9.822444,2.521173,1.6372869
5.6524124,18.996265,8.5543585
-3.7880416,9.074488,11.539097
-5.693983,7.426901,8.214565
-8.52416,7.9416804,6.331115
-14.604602,1.4935061,3.6834557
-5.2699804,6.5066752,5.402881
19.000046,11.1071825,13.283086
7.905236,18.456478,11.328039
5.019314,14.389458,10.6851845
-9.925132,4.3488355,6.1865726
-10.005333,-1.0767882,4.430838
-10.2163725,8.0133505,8.301824
-9.323382,2.3385298,5.8844833
-7.0912085,4.7613106,8.579192
2.069396,16.425976,9.917357
-7.6238847,0.91726685,5.8239775
-6.1471395,1.4412612,1.1448714
2.050259,2.7840002,2.1157713
11.827416,-5.782202,4.1718893
7.4120064,0.46498224,7.3781095
8.534814,5.807751,-4.914797
10.289532,-2.9600081,0.19996734
5.2156453,5.457937,17.09937
10.203562,1.3848276,-13.164065
6.502794,-1.0515062,4.8305736
14.267322,1.1869208,-3.7137513
9.262521,-1.7955414,7.314503
5.3029146,9.298686,3.9824882
13.345349,2.6606183,3.879043
16.032887,4.8859086,-1.8386725
8.694555,3.012303,4.6960964
-4.1964655,1.4735695,2.7662873
8.953095,3.5923715,13.225384
2.203671,4.5184474,18.533981
15.273744,-0.92832565,-1.2471038
2.2126994,7.5522385,15.827718
11.981737,0.6137591,10.793272
6.3449016,5.2441144,18.079735
6.213497,2.5034285,12.725439
13.70464,-2.3101203,-2.5390432
-0.09575373,1.8248415,2.603932
2.957866,5.586886,15.427918
7.4681277,4.4991965,5.248371
-6.718883,-31.306273,6.392272
15.667317,0.4446978,-2.407043
7.8738856,6.375004,0.4198959
15.545326,-11.046879,-5.8695755
14.064644,2.040095,11.832112
17.539179,-3.1502113,-4.271796
7.6703134,-1.1257733,14.197296
15.213825,-11.197929,-4.639716
16.017094,2.242196,-1.029616
16.292522,-0.79997003,1.7831912
-2.293162,7.8894186,13.899929
11.95146,3.4664488,-2.6497917
11.9155,-0.08101673,14.688617
4.015112,7.4117646,15.817977
9.643731,5.12842,-4.1836863
9.228237,0.8787878,-13.09719
7.721657,4.4101515,0.41037413
12.741224,-0.4923134,4.2791796
4.120501,4.2659492,14.127546
10.711127,2.7334423,4.487337
18.327328,0.16598868,0.9904787
-14.013136,18.987782,-7.316171
9.050866,-2.2805786,-0.052219607
16.286964,-8.131174,-3.5894172
10.950258,2.5347333,1.3312762
17.977983,-2.8137016,-5.335246
10.770724,-0.91945016,5.1200604
6.5290294,3.2591064,0.46103734
12.916846,0.36424708,-0.48242116
17.464586,-1.1764715,-2.7095926
14.94621,-2.675448,6.9095445
8.278661,1.8833898,8.479095
7.353481,5.32763,19.421732
17.534508,-0.05260561,-4.1421576
1.902708,4.8508353,16.49908
14.485711,-0.8362373,1.2670854
6.0017443,3.0781698,1.8996005
12.298527,6.0744104,-1.5818614
11.307699,-1.3357484,17.43078
5.953649,8.718288,2.3144484
6.602504,-0.6097209,5.5134125
13.486893,-2.4011295,0.17964189
9.404039,2.6328242,-2.4172597
13.227183,-0.94477695,-1.586457
8.222141,3.7516437,7.290213
10.017344,0.027827168,6.484778
11.338606,19.677994,7.1073966
-6.311382,-31.646841,7.322497
0.56199265,4.8596635,13.757913
12.588534,4.6412826,0.011646272
11.44474,4.7673097,-5.3027387
9.277406,18.820818,0.08192951
0.9486866,3.0583456,2.3424654
14.766822,-12.908136,1.957711
9.443732,0.47154114,8.666372
-2.9919212,12.963911,10.949552
4.87609,0.42829353,6.4848742
16.613178,-3.3020973,7.1470594
6.317274,0.0042645186,-0.37516895
12.256081,0.49402496,12.720448
14.878778,-13.390752,1.8162061
16.085014,-8.607482,-3.8639193
7.3644247,2.063997,12.561824
-3.5781903,-18.2747,-8.037793
-4.40077,19.41871,-6.399555
13.567437,-0.8028176,7.578159
11.848185,1.2552364,7.515481
17.687704,0.015520739,-0.30352736
4.641361,-7.334153,16.207548
1.3358555,-3.9128304,22.180428
8.140573,-10.902263,14.233186
3.457196,-4.232447,13.582913
11.1110115,-7.549236,10.894709
2.3564599,-18.740557,21.373625
4.014459,-12.45968,20.601088
-0.62774307,-2.0308545,22.444746
3.6357586,-3.7106354,11.387685
1.4318917,-10.455908,22.112528
6.41237,-13.669566,14.590307
9.52004,7.334004,10.888901
3.3857238,-14.747721,20.860006
-13.734437,15.9909525,-4.582084
-0.6921686,-15.69321,15.493046
4.248351,-5.860601,12.793326
4.2837505,-10.867618,12.51352
2.1098614,-11.412324,20.700785
9.448448,-6.074891,7.569228
7.5082774,-6.784005,8.726331
8.735909,-8.589144,11.317446
-14.25357,6.1476607,5.956213
12.636519,-6.2204757,1.9429388
10.986054,-15.235871,14.758977
3.427186,-6.2634387,5.7391987
9.830862,-12.502046,19.448824
1.9886574,-3.9262795,17.860443
6.5249643,-15.402748,15.790332
-5.4109793,-12.656169,16.72984
6.616319,-10.680306,20.92484
2.9683163,-14.943757,18.714994
9.094158,-8.682803,15.01262
8.368543,-9.361753,18.870214
14.927163,-9.445673,11.957298
6.4366903,-11.765935,15.359485
4.5451093,-6.1220427,7.0661063
12.174039,-12.189168,6.1802006
10.852568,-10.282612,12.1242075
2.6319232,21.393286,2.3425329
5.072716,-2.0776975,12.63353
6.590056,-5.9491663,15.097971
1.3090216,-5.3967996,17.211597
10.163807,-14.886096,8.239589
8.144852,-7.587433,17.246922
5.7545443,-17.713018,18.705885
3.4520407,-6.3304563,19.084175
0.5251686,-8.232852,18.063885
9.063221,-3.0025947,18.403463
5.7066073,-4.235413,10.506271
1.1318474,-16.671667,16.540197
1.3390542,-2.2936404,18.867668
2.5869153,-16.718306,20.64771
-0.5495778,-3.5454564,11.624203
14.326239,-10.821291,14.538306
10.961731,-13.238397,10.221269
6.4263997,-12.8431225,19.51051
10.18664,-12.168225,10.64488
4.4597325,-4.7431984,18.872576
4.7672048,-1.5545648,12.915463
8.804599,-15.624277,6.1970544
14.238088,-9.690816,13.093717
3.10318,-3.7930474,10.86871
6.603131,-14.749693,19.706377
14.142983,-12.204286,10.508909
14.716188,-10.495422,7.4831777
-2.4193776,-16.861475,16.910156
3.693833,-11.140921,15.892446
10.336944,-5.987453,9.572227
10.575503,-16.10441,15.63037
8.529501,7.160365,11.317316
15.376199,-11.161018,8.280592
7.3971076,-7.174952,14.874533
2.5096016,-15.775278,13.917766
5.435255,-2.910096,15.736302
2.3946488,-7.244146,17.82313
6.166289,-9.580201,14.080148
11.014957,-8.445625,14.772511
15.2357,-13.523945,14.637998
2.0054853,-19.3099,16.229012
-14.000558,16.262878,-3.9191701
6.171122,-3.9963758,13.644278
1.6558839,-17.047224,18.148386
0.75379217,-10.496885,19.512018
6.847949,-4.268651,18.31232
8.243866,-7.7723303,8.501675
11.123161,-12.223028,5.747916
7.8669925,-9.277285,13.106952
7.3592696,-3.7095864,-10.367083
2.1025243,-13.318036,21.038136
7.648602,-10.884472,19.576693
11.386906,-8.487581,9.959255
6.31391,-6.867324,7.0839677
2.7714283,-11.63865,11.949733
6.4104176,-17.564146,15.342985
6.764267,-15.887316,17.572123
-1.2737287,8.5783825,-16.946873
-8.707942,5.3767138,-16.705677
5.620513,3.94377,-14.04557
-7.8088427,6.518299,-16.285685
1.925474,7.3773546,-14.65548
-10.733182,6.869349,-10.543993
-16.836157,8.41652,-19.334818
0.23452088,4.102134,-18.227697
-11.088661,7.7336125,-22.439013
9.248743,6.733272,-15.023747
3.8797002,3.0588248,-13.581097
8.850905,8.320259,-14.379255
-4.4728355,9.33152,-13.973765
-14.956885,4.1098833,-23.170128
11.200164,11.692125,-13.124875
5.460893,12.678335,-15.81374
-14.681397,4.038441,-20.02657
-19.479387,4.1091003,-11.264656
-0.9344241,10.461531,-14.001693
-2.3743832,5.5803776,-16.28735
-11.67454,7.8524365,-20.503765
3.0286973,10.205866,-18.41856
-18.947258,13.161863,-9.463969
-15.432327,7.814115,-19.001755
-3.6585102,8.428928,-15.707291
-11.444297,7.397092,-14.759508
1.9705951,17.159443,1.5157003
-12.690287,6.7511683,-24.092323
-6.0788193,7.337999,-2.7992747
-1.3092141,5.3661704,-15.552603
-11.557228,3.7612202,-18.291523
-16.662773,9.782613,-15.370698
8.636178,16.61237,3.939462
2.820957,12.567772,-13.346625
0.45104036,8.310347,-20.881382
6.4789257,11.186807,-11.962468
-14.666878,3.5125608,-21.911213
-12.717904,8.405458,-4.830358
-14.545632,0.70136136,-8.7438965
-4.442788,6.759031,-20.516785
-10.8006115,7.9395566,-12.127609
-11.914674,5.196952,-18.319363
-2.731905,7.9601316,-13.028398
-0.5293573,6.664814,-19.985563
-6.394581,9.058767,-1.1509316
-1.6300783,2.6911066,-19.06124
-15.260117,7.9545774,-22.894352
0.9437979,8.492128,-17.75173
-12.36156,6.928351,-25.269964
-15.279717,4.264789,0.87682456
-10.226663,6.6565304,-21.710922
-14.573251,11.645354,-5.8615956
-16.170189,8.83754,-21.498924
-14.312116,2.0101633,-9.073101
3.5039349,4.7518826,-19.0918
-2.2551298,11.371814,-19.21788
-14.110483,5.224282,-0.9209368
-13.348934,8.303797,-4.664908
5.1588564,9.398747,-14.962359
-5.7533154,12.21747,-15.925569
8.375892,9.559984,-15.008116
-6.8643365,9.494035,-17.332483
-14.16216,10.851615,-8.956011
5.34408,9.794033,-13.475758
-13.525287,2.6629891,-21.517332
1.3295387,6.8753953,-13.684595
-19.685272,6.5594645,-11.429502
4.0526714,6.5295796,-17.77889
-15.203604,4.8272133,-13.18007
4.649608,3.1718664,-14.699704
-18.088587,8.14786,-2.8055646
-15.767824,7.6091847,-24.43818
-10.611516,3.1306357,-10.249297
-9.542806,2.3846564,-9.404504
-15.325196,-9.147812,-0.34658894
5.287956,13.477465,-16.79661
-8.606368,5.0839977,-7.0685596
-13.041522,3.4661531,-13.042468
-9.062758,-1.2365382,-3.7088726
-11.531475,4.2035847,-12.155252
-5.0855927,8.221762,-19.10391
0.19810173,7.2340097,-16.616163
-10.297953,6.8218036,-13.581505
0.17168577,4.6299143,-19.354008
-8.207548,6.563365,-20.303608
-19.94361,11.9057865,-9.525928
-0.90867525,15.802293,0.40678152
-16.506708,10.119353,-10.988371
-9.730015,7.029161,-17.987274
-16.5753,8.523206,-4.5376453
-17.36549,10.45849,-18.20855
-5.6246467,8.856853,-21.299955
-6.213556,8.432338,1.3739818
-19.587114,7.5939493,-9.011472
-5.1809707,7.492152,-17.97943
5.0160937,-15.799498,5.462384
0.07608426,-16.961138,21.862873
-0.02490849,-7.625555,15.500686
-3.6530342,-13.501903,0.30619773
-0.6623632,-14.833813,-1.8982216
3.2705839,-5.557265,-6.470501
7.511788,-8.75822,-7.933597
3.631607,-8.227464,-2.5180337
6.323528,-7.255311,-9.899603
1.458827,-9.558159,15.237998
1.4117159,-7.4865274,-2.9236238
-4.284731,-7.0125947,6.866189
-0.83576816,3.9006033,9.390091
-1.7272869,-8.651317,3.368098
1.4376304,-4.5380917,-12.589997
3.3451872,-10.890384,-0.23504293
0.07979322,-17.295849,19.918991
5.5172133,-10.376886,2.8976235
9.185971,13.410015,-3.8668978
-2.3581274,-15.072426,4.752384
0.921005,-9.784979,3.5427787
4.473875,-20.974434,5.4936557
4.530491,-20.173027,9.928466
-0.5880258,-4.9216924,-3.3705404
4.684589,-6.23697,-8.670017
4.5772243,-20.485905,4.3728857
-2.0614305,-7.9741664,4.4190364
0.88094276,-5.9640203,-6.0107007
3.4812336,-15.599411,6.0910726
6.127062,-15.758621,10.281044
2.0766954,-1.2869517,-6.9536033
-6.2591524,-15.068846,2.1918805
-7.1645555,-13.735297,-19.19022
4.399,-11.37082,8.157402
3.785103,-11.584807,5.933506
1.1950659,-6.4963264,1.3013039
0.61467147,-11.2074585,-1.196951
-0.61502993,-19.226395,8.771063
-4.687551,-9.0271845,8.355355
-1.5907621,0.91531634,-6.338536
6.9317813,-18.970118,6.4420304
3.8765674,-24.018614,15.581452
4.358162,-12.593911,2.8474402
0.846684,-4.910586,-1.2850662
-1.6540633,-6.959126,-3.2386427
6.2404,-17.201591,8.246883
2.914931,-3.9696965,-6.5109057
2.504203,-13.948154,3.8875716
3.6135983,-6.7580395,-12.252183
6.6600976,-4.272782,-10.554404
-0.44863728,0.2487955,-4.556466
2.6103935,-9.050297,-7.40428
4.560497,-6.528168,21.014336
1.8308374,-3.341762,-14.674399
-2.0259192,-4.180717,8.475658
-1.9981393,-5.609501,-2.6929412
-0.38191158,-9.835657,10.145902
5.1056743,-12.2589,0.19469638
-1.6821159,-2.0422802,5.7790294
0.1453836,-8.408626,2.0628343
1.4589646,-18.429195,9.504256
3.7502275,-11.627428,3.9941146
0.40535095,-10.19426,7.0294347
-1.9449345,-9.331571,7.981853
3.6797798,-19.620749,9.079066
-2.3742852,-4.924615,7.0286884
3.3966188,-9.038131,-5.521214
0.2088754,0.4823309,-7.295211
-0.8397307,-15.900841,21.123829
1.0635223,-6.1102533,-8.38172
0.43739596,-13.977751,-1.9590017
5.7862983,-7.5688457,-12.062009
5.450766,-4.9426875,-11.324698
2.8274689,-6.484541,1.7930672
1.501237,-9.693992,-0.49894017
3.0832698,-2.4671364,22.654161
0.8094675,0.9448043,-5.4986186
5.391929,-16.625063,7.1221776
24.253716,1.8389801,10.886898
-0.7114672,-9.737915,8.790396
4.8905616,-9.968338,-4.9941382
2.1805403,-5.9886403,-11.604385
3.7513828,-18.130949,8.552512
0.3258735,-7.913599,-10.060834
2.2566028,-2.9269092,-15.719516
1.1916491,-7.704097,-5.0370913
6.464824,-9.01776,-5.839259
1.4654193,-10.602111,2.5136354
4.677053,-6.6939225,-6.2476916
-0.0139965825,-0.2865385,-2.7694578
0.95676196,-7.407799,-11.844938
4.2071548,-7.6859355,-4.254388
-1.4719809,-18.878536,21.064163
-2.2575796,-2.8840063,9.521597
2.7941847,0.6332779,-6.5313916
-11.893543,0.45622325,-17.707945
-14.523979,-14.302523,-9.494448
-10.636744,-4.6338887,-2.4974537
-11.314406,-14.749652,-5.694473
-12.214454,-3.4372303,-5.9651475
-5.69171,-11.286053,-10.633039
-6.5508513,-9.690839,0.64617294
-11.323991,-8.787978,-15.58448
-10.028247,-12.896396,-1.1405828
-11.25328,-9.200347,5.701709
-7.7550373,-13.251725,-18.098223
-9.886132,-8.692075,-14.29783
-5.788271,-17.635845,8.065191
-12.536801,-15.823843,-7.6395764
-11.569179,-11.017985,5.1777143
-2.4867475,-14.551342,-5.0015144
-9.793491,-6.756694,-8.596867
-15.560941,-7.561276,-14.227368
-14.091109,-5.7652183,-15.873884
-16.852486,-9.743397,-14.073491
-9.162934,-15.520271,-9.241656
-7.364822,-13.2587805,-10.1973
-6.7484794,-7.351931,-8.851442
-14.309211,-9.3736725,-2.52552
-11.235709,-10.921566,-3.3399367
-10.705298,-18.210073,0.11433403
-10.860771,-3.2071335,0.82067114
-10.282037,-11.551615,2.7033129
-15.320033,-7.1234064,-12.359604
-5.848038,-14.344029,-0.9035166
-0.6372154,-6.3525457,-13.987992
-15.605353,-11.064802,-10.935185
-14.005065,-14.032613,-7.1349463
-10.116184,-14.620824,-8.411719
-8.296225,-5.843246,-10.731074
-10.616919,-3.6739256,-3.7173889
-9.833263,-17.595167,1.6267449
-8.616731,-10.10426,-8.514896
-9.361707,-14.902671,-4.477758
-10.868608,-7.059991,-6.9044824
-10.8210745,-15.419782,-12.450557
-12.477326,-7.6010456,-6.53542
-12.502328,-15.361192,-0.78995645
-7.887149,-10.620034,-10.635863
-7.178773,-14.607888,0.30467668
-6.3979597,-22.900532,9.775289
-10.28775,-11.854922,-5.8455315
-11.186753,-11.87431,-9.747185
-8.236519,-15.005777,-13.091445
-12.978784,-12.424627,-1.2986196
-7.727175,-16.594969,0.2871655
-11.153476,-7.9463096,-12.00674
-8.418346,-18.85245,-2.6202853
-11.534475,-13.205029,0.5609336
-14.161866,-10.263718,-3.8267567
-10.840696,-11.376797,1.2349066
-14.299016,-11.462312,-5.0697002
-4.770836,-17.339561,-7.0356326
-9.968895,-9.988203,-15.356956
-9.032958,-13.697161,-2.2610073
-13.0797,-2.8174863,-17.34606
-13.118885,-16.469429,-8.120212
-11.970777,-11.084349,-7.719969
-14.130794,-9.961935,-9.836914
-7.7241354,-6.0982423,-9.311505
-10.349025,-5.0662684,-5.971576
-15.499979,-12.161075,-10.151131
-10.699067,-14.905804,1.1388214
-9.593931,-11.507904,-3.1181977
-6.069061,-17.37963,4.8115582
-7.3138885,-15.644006,-2.3992276
-9.662486,-7.1965656,-11.491865
-8.187124,-14.914155,-14.385068
-10.206912,-17.081533,-7.233412
-11.89057,-6.4474206,-10.074209
-7.614767,-14.677595,-5.213017
-12.019204,-12.560004,-3.803698
-8.982243,-20.071974,-4.0736594
-12.927966,-12.211242,1.4952465
-10.203551,-10.103202,-12.682438
-10.036116,-16.818705,-4.746434
-12.298321,-9.182915,-17.45834
9.30837,-30.017385,-1.3250607
-7.5418673,-18.97432,-1.6264932
-10.886531,-12.110933,-11.455232
-14.89936,-4.882266,-16.779514
-6.138201,-10.357787,-11.784535
-10.516889,-5.9118466,-1.849437
-10.496042,-9.57321,4.732041
-12.615176,-1.7120246,-17.495169
-5.8813334,-16.023184,-6.1751285
-11.062047,-14.453615,-3.0489793
-11.543268,-9.090973,-3.8794494
-11.182659,-10.37095,-5.3479934
-12.947009,14.141943,-9.457895
-6.9987564,12.798455,-2.6601543
5.1798396,18.267218,-11.408884
-11.519049,16.26854,-7.8737254
4.2111816,21.420954,-9.839247
7.3955173,18.52196,2.2003725
-15.834737,17.274681,-16.971682
-0.534398,19.94895,-2.3342066
7.699508,22.23709,4.520891
-12.926912,17.478716,-10.31048
-11.1061,17.414488,-15.811436
2.9894876,18.226776,-10.917547
7.700645,18.213022,-0.14464852
-9.119492,8.00136,-2.0349863
-4.4301405,19.144257,-7.362801
5.753692,17.399519,-6.164472
-9.026785,17.572844,-7.372895
-11.521096,18.97861,-13.720465
-9.213684,20.290577,-16.820688
7.620316,17.312496,-6.400647
-14.65504,14.948893,-7.37877
-5.4227815,20.141218,-10.440985
-9.115864,19.56766,-8.55128
1.6763161,7.733053,-1.2109016
0.19946684,19.983027,-6.8013825
-6.5637965,14.230874,-11.693009
6.6465425,18.15055,3.698079
3.335548,20.47864,-1.6445439
-14.505602,16.854395,-16.314417
-8.288668,21.154762,-7.4773536
1.6474686,17.843079,-6.455895
-4.9191647,21.868542,-11.723861
-11.870941,17.156075,-17.408901
5.1590157,19.734932,-1.7312075
-2.96481,17.73073,-11.960039
2.8878071,15.718424,-6.102589
-5.237909,19.453693,-14.809099
-13.809994,14.078417,-16.356077
-7.61778,19.035116,-16.894379
0.2039673,7.11437,-1.3638037
1.8729217,17.169592,-2.834433
-10.538017,10.181371,-2.736081
5.738126,19.198938,-4.9226756
-7.4806523,16.283876,-11.4263315
-2.6085227,19.990517,-9.291345
-15.349253,11.487953,-2.6039505
-2.3348262,8.253485,3.994333
7.0590425,17.86259,-3.7564387
-20.478285,9.438231,-17.938143
-7.0915885,19.499199,-9.400371
3.480137,6.7355003,9.203324
3.2277503,18.922342,-0.057647835
-0.14082031,23.028389,-11.271389
3.2580974,19.533205,1.2560002
-6.7384267,17.030956,-17.64863
-1.3821466,23.062616,-12.585002
5.467698,19.13731,-7.6471224
7.7972803,19.737293,-11.147691
-12.700747,8.606572,-2.536704
-0.46984738,8.274948,-0.031529594
-0.7462531,5.696621,-2.783519
1.2716917,14.548728,2.815255
1.6935003,20.546125,-2.307091
-0.2512262,19.46181,-10.634327
-15.965976,16.858292,-9.376838
2.7967587,17.95515,-4.893417
-4.377381,20.079916,-11.7258
-11.540951,18.576555,-9.510499
-14.236084,16.16184,-9.779818
0.6730778,18.66816,-3.4817045
-14.451739,14.453109,-10.353455
-4.888129,4.454639,-7.6055303
7.2445087,20.017834,3.6532514
-9.071886,16.750647,-12.206041
-8.588758,21.68009,-7.009028
-11.672464,17.86938,-7.781791
0.84374815,21.39205,-5.575655
-4.5128074,17.291605,-10.533452
-8.929083,16.105644,-17.460386
-1.1386641,21.987373,-9.181891
1.9162645,21.338362,-3.7814834
4.546369,19.356676,-9.533272
-9.394686,18.040806,-13.966543
12.303799,19.578394,12.007921
-6.2003384,22.572933,-7.478352
8.7503,20.611786,-11.47245
-5.219423,21.001621,-15.366672
2.007912,15.089749,-7.7698946
-10.420753,19.004475,-14.883373
-3.4002354,17.729544,-8.67372
-2.7548254,22.851196,-13.488809
-12.59798,14.442573,-16.113773
-0.61613315,15.822414,-5.280592
1.5308006,16.56243,-5.1804504
-1.0771961,9.647481,2.643129
1.166646,-4.505267,22.571524
18.190422,10.865923,7.3160257
13.509229,14.000008,5.944255
-8.939253,18.4929,-0.009633516
9.031718,12.396079,7.957279
14.042622,11.771959,4.117591
-7.2218738,-4.4124155,11.933922
-9.103479,-3.823037,12.058155
-2.086597,-14.592059,14.351513
17.308998,4.7470603,8.970102
-19.351822,2.3667626,0.6794187
23.149046,5.6507797,11.083866
19.331299,10.243055,5.575838
-5.1951623,-3.5329497,15.6842
18.215546,12.832411,12.790998
-7.7065964,17.379356,-2.0773962
-5.278472,-5.4486775,10.166984
13.114069,11.171295,5.1846027
13.00099,6.8469014,8.894648
-3.7307117,-11.56175,20.73429
21.505014,10.552376,4.0990496
16.783815,8.845648,13.692261
20.178093,13.436412,6.756705
-4.1189475,-15.980266,4.863655
17.09606,9.676967,7.7936406
23.337107,10.272485,7.825172
15.569337,5.611742,11.958249
25.818163,5.9730973,8.522182
1.0641556,-11.047629,15.529452
-5.2533574,-9.302403,13.824938
-2.6609464,-1.7287138,22.069687
11.171459,7.272034,8.5194845
15.361086,12.6933775,10.414327
12.017646,9.675779,10.085606
15.593032,14.255941,8.7467165
13.934818,7.0391703,14.5783
19.684486,7.987951,13.690113
15.078746,9.071298,13.440946
14.2399845,8.195045,8.728532
-5.7439246,3.4262826,10.872435
14.684389,7.983655,15.323956
-0.972357,-4.687768,-8.698009
25.838821,7.8116026,6.5414453
-5.40406,-6.160797,13.698063
-2.5519261,-12.252531,19.113413
23.438835,8.277456,12.478811
-5.9071717,-5.147511,12.703369
22.68081,6.311051,12.424971
-8.089887,-16.800205,-55.216644
11.23131,12.898956,-12.850373
-2.7716007,-11.93174,14.8973875
-3.1026034,-13.27604,18.593811
21.064253,13.471551,9.401721
14.276835,10.8846445,13.231254
23.043783,8.881235,7.4683237
3.6912322,-21.978506,16.352148
22.777891,10.594077,10.857674
15.405999,6.704866,10.482578
16.49214,12.508712,6.8354654
-5.3836985,16.210777,-2.9985106
-5.6071687,-8.710356,16.89168
6.821301,-8.631498,-13.255221
11.219817,11.254132,10.117013
8.2535925,12.532612,6.8959064
17.814983,7.7463784,4.346833
22.79141,9.742031,9.980655
1.0004283,-1.2593235,12.241432
15.565844,15.91213,9.24815
-6.5112762,-6.1064177,16.95956
19.855803,11.6876745,8.409337
5.24162,-5.3996296,-2.802727
-4.5853558,-2.0534751,16.269035
1.9614775,-20.087639,-5.199909
-3.8106012,14.039131,1.6089226
13.429583,8.47864,6.749318
18.531118,9.919978,12.390906
22.401424,6.3975754,9.113156
17.625,7.5818486,6.521141
-5.971878,-4.8627405,15.702846
-0.3082678,16.732655,-16.819141
4.1118255,-15.182663,23.06951
12.353842,13.273098,8.427611
-7.3631654,14.15012,2.6718452
-0.09275546,-13.588576,13.089091
20.600664,6.029001,14.285898
18.279646,4.242681,7.905982
17.75517,7.062091,8.02741
-3.0635188,5.770584,13.453548
-4.513249,-10.737946,15.54516
8.477502,46.570866,124.4942
20.827856,10.4497175,2.5437138
18.480013,9.983944,10.4551935
27.36118,4.534319,8.924094
14.823074,13.052081,7.1019974
20.81702,4.022781,16.437769
-0.49025318,-6.6965795,13.6993475
-19.559212,9.106025,-14.188809
5.3239355,14.596329,-7.780906
-8.451709,8.497364,-5.1641254
-3.9054115,13.428842,-3.7017374
-12.857308,5.5671372,1.3322865
2.6482923,14.018231,-11.764816
-6.2271442,11.033174,-14.061848
3.072204,11.82182,-6.6581798
-0.69598335,15.646132,-14.5802355
-18.494007,10.729274,-14.611174
6.6212626,15.48583,-12.456394
-13.764807,12.238787,-10.511281
-3.1217756,12.02558,-3.6620164
-10.016529,11.54263,-9.50739
-2.59567,14.171013,-1.3886982
-2.805818,12.139766,-17.186848
-5.637401,11.218428,-6.217968
-9.570595,10.39558,-5.450876
-5.394477,14.001041,-8.436509
-11.994858,8.575952,-8.30294
-7.841602,14.325266,-5.8143706
-18.96846,8.499633,-18.502987
-14.22233,8.893707,-11.228055
-10.561009,7.9898925,-5.922369
-1.9426159,11.404303,-7.343176
-15.149341,7.535994,-13.204361
10.648356,15.66404,-4.7969036
-15.154201,7.1103134,-10.200673
-6.844714,7.101503,-11.946581
0.1526467,13.001391,-9.923938
1.8303319,9.830902,-10.696841
-5.139718,10.431006,-11.988054
-17.302433,3.5583498,-12.89056
6.950726,12.074747,-8.501282
3.263281,12.201874,-7.227832
-7.2831984,10.709359,-5.6167774
3.427652,11.926122,-9.06766
-4.5512877,3.559704,-6.3271933
-1.5613538,9.229749,-12.128566
-10.949719,12.599261,-5.3539433
-11.330947,13.567957,-6.526817
2.94383,13.16602,-2.2404454
-8.246323,15.018456,-19.545599
-18.650023,10.749334,-13.146856
-0.66673964,9.637203,-8.01912
-1.4626546,12.57531,-10.8750105
4.238277,-25.241756,14.588946
-10.5893955,5.139152,-5.5186377
5.825681,19.873884,-13.065253
-18.66416,6.4730387,-17.949366
-17.691654,4.5792723,-18.420599
-7.535163,9.0524,-10.814393
-10.139209,9.846052,-7.4837584
3.4538417,15.982186,-12.06918
-0.9430315,14.413074,-15.418127
5.0042114,13.071763,-9.603151
8.363961,15.971288,-4.457906
-18.779861,8.317826,-12.090561
6.735633,15.6898775,-9.454324
13.918895,-4.74039,-11.386213
-2.9224637,10.372908,-3.466249
-7.667949,6.632584,-5.7570314
-14.378612,12.391048,-14.109405
0.15503389,14.861226,-10.639108
0.2771744,13.258459,-4.501454
-6.013196,10.879328,-3.6483111
-7.572129,9.364494,-3.4520504
-1.627732,12.22983,-8.49153
-7.757711,13.36186,-10.325522
5.410164,14.169091,-11.155394
-19.745604,6.6005077,-19.360502
12.219695,8.41994,-11.155967
-4.970317,-21.45262,8.630742
-5.1212206,12.236752,-8.408022
-17.883795,5.573574,-15.458028
-7.656797,9.20331,-8.6716585
-1.3624511,8.34917,-9.744162
-6.033161,16.916286,-18.042013
3.0796163,14.28742,-4.5024457
-16.46744,1.7736865,-22.804932
-9.393037,12.141567,-6.5775886
-17.039377,8.902576,-12.586345
-2.6132343,11.848498,-15.532752
-11.2248335,10.381777,-13.696817
-5.659786,8.874501,-8.853153
0.1760285,9.350332,-11.177932
-15.028185,5.735927,-8.529667
-12.690466,11.270529,-11.879699
1.6777948,14.722041,-13.519488
7.6865892,13.664374,-3.257681
-5.804755,14.326847,-6.7767897
-14.759532,4.940884,-10.028532
-16.248318,6.31159,-10.99823
11.619361,9.090747,-12.052098
